Index,Ingredient,Category
1,마늘,채소
2,소금,조미료 및 향신료
3,설탕,조미료 및 향신료
4,양파,채소
5,간장,조미료 및 향신료
6,물,기타
7,참기름,조미료 및 향신료
8,계란,육류
9,대파,채소
10,고춧가루,조미료 및 향신료
11,후추,조미료 및 향신료
12,깨,콩류 및 견과류
13,청양고추,채소
14,당근,채소
15,식용유,조미료 및 향신료
16,고추장,조미료 및 향신료
17,맛술,조미료 및 향신료
18,식초,조미료 및 향신료
19,올리고당,조미료 및 향신료
20,액젓,조미료 및 향신료
21,버터,유제품
22,밥,기타
23,파,채소
24,국간장,기타
25,홍고추,채소
26,우유,유제품
27,올리브유,조미료 및 향신료
28,감자,채소
29,파프리카,채소
30,무,채소
31,굴소스,조미료 및 향신료
32,두부,콩류 및 견과류
33,들기름,조미료 및 향신료
34,깨소금,조미료 및 향신료
35,된장,조미료 및 향신료
36,오이,채소
37,마요네즈,조미료 및 향신료
38,후춧가루,조미료 및 향신료
39,밀가루,곡물
40,생강,채소
41,쪽파,채소
42,김치,절임 및 장아찌
43,매실액,조미료 및 향신료
44,꿀,조미료 및 향신료
45,다시마,해산물 및 해조류
46,양배추,채소
47,표고버섯,채소
48,물엿,조미료 및 향신료
49,부추,채소
50,매실청,조미료 및 향신료
51,애호박,채소
52,청주,조미료 및 향신료
53,깻잎,채소
54,케찹,조미료 및 향신료
55,쌀,곡물
56,새우,해산물 및 해조류
57,전분가루,곡물
58,멸치,해산물 및 해조류
59,레몬즙,조미료 및 향신료
60,밀가루 박력분,곡물
61,어묵,해산물 및 해조류
62,콩나물,채소
63,식빵,기타
64,새우젓,절임 및 장아찌
65,소고기,육류
66,부침가루,기타
67,파슬리가루,조미료 및 향신료
68,돼지고기,육류
69,멸치육수,기타
70,풋고추,채소
71,새송이버섯,채소
72,기름,조미료 및 향신료
73,생크림,유제품
74,베이컨,육류
75,햄,육류
76,사과,과일
77,베이킹파우더,조미료 및 향신료
78,팽이버섯,채소
79,모짜렐라치즈,유제품
80,찹쌀,곡물
81,토마토,과일
82,묵은김치,절임 및 장아찌
83,머스타드,조미료 및 향신료
84,맛살,해산물 및 해조류
85,오징어,해산물 및 해조류
86,미림,조미료 및 향신료
87,피망,채소
88,고구마,채소
89,튀김가루,기타
90,느타리버섯,채소
91,생강가루,조미료 및 향신료
92,방울토마토,과일
93,맛간장,조미료 및 향신료
94,시금치,채소
95,가지,채소
96,들깨가루,조미료 및 향신료
97,소주,기타
98,슬라이스치즈,유제품
99,호박,채소
100,닭가슴살,육류
101,스파게티면,기타
102,숙주,채소
103,카레가루,조미료 및 향신료
104,참깨,콩류 및 견과류
105,월계수잎,조미료 및 향신료
106,육수,조미료 및 향신료
107,브로콜리,채소
108,파마산치즈가루,조미료 및 향신료
109,미역,해산물 및 해조류
110,치즈,유제품
111,스팸,육류
112,포도씨유,조미료 및 향신료
113,당면,기타
114,고추,채소
115,양송이버섯,채소
116,빵가루,기타
117,김,해산물 및 해조류
118,참치캔,해산물 및 해조류
119,상추,채소
120,옥수수콘,기타
121,토마토소스,조미료 및 향신료
122,피자치즈,유제품
123,닭,육류
124,떡볶이떡,기타
125,슈가파우더,조미료 및 향신료
126,미나리,채소
127,라면,기타
128,계피가루,조미료 및 향신료
129,배,과일
130,소세지,육류
131,꽈리고추,채소
132,김밥김,해산물 및 해조류
133,단무지,기타
134,크림치즈,유제품
135,맛소금,조미료 및 향신료
136,배추,채소
137,파슬리,채소
138,얼음,기타
139,양상추,채소
140,호두,콩류 및 견과류
141,단호박,채소
142,버섯,채소
143,레몬,과일
144,소면,기타
145,김가루,기타
146,대추,콩류 및 견과류
147,체다치즈,유제품
148,어린잎채소,채소
149,돼지고기 삼겹살,육류
150,돼지고기 다짐육,육류
151,고추기름,조미료 및 향신료
152,청경채,채소
153,생강술,조미료 및 향신료
154,멸치다시마,조미료 및 향신료
155,밀가루 강력분,곡물
156,이스트,기타
157,참치,해산물 및 해조류
158,바닐라익스트랙,조미료 및 향신료
159,아몬드가루,콩류 및 견과류
160,굴,해산물 및 해조류
161,카놀라유,조미료 및 향신료
162,검은깨,콩류 및 견과류
163,허브솔트,조미료 및 향신료
164,바나나,과일
165,바지락,해산물 및 해조류
166,견과류,콩류 및 견과류
167,요거트,유제품
168,겨자,조미료 및 향신료
169,떡국떡,기타
170,딸기,과일
171,코코아가루,기타
172,생강즙,조미료 및 향신료
173,만두,기타
174,비엔나소세지,육류
175,치킨스톡,조미료 및 향신료
176,또띠아,기타
177,다시다,조미료 및 향신료
178,알배추,채소
179,녹말가루,기타
180,피클,기타
181,건새우,해산물 및 해조류
182,발사믹식초,조미료 및 향신료
183,순두부,콩류 및 견과류
184,조청,조미료 및 향신료
185,쑥갓,채소
186,흑설탕,조미료 및 향신료
187,달래,채소
188,페페론치노,조미료 및 향신료
189,연유,유제품
190,베이킹소다,기타
191,전복,해산물 및 해조류
192,생강청,조미료 및 향신료
193,마늘쫑,채소
194,아몬드슬라이스,콩류 및 견과류
195,실파,채소
196,아보카도,과일
197,밤,콩류 및 견과류
198,돼지고기 앞다리살,육류
199,잣,콩류 및 견과류
200,대패삼겹살,육류
201,메추리알,육류
202,소고기 다짐육,육류
203,명란,절임 및 장아찌
204,초고추장,조미료 및 향신료
205,아몬드,콩류 및 견과류
206,올리브,채소
207,닭다리살,육류
208,소고기 불고기용,육류
209,우엉,채소
210,다크초콜릿,기타
211,쯔유,조미료 및 향신료
212,연어,해산물 및 해조류
213,블루베리,과일
214,사골육수,기타
215,딸기잼,기타
216,돈까스소스,조미료 및 향신료
217,건고추,채소
218,커피,기타
219,홍합,해산물 및 해조류
220,연근,채소
221,고등어,해산물 및 해조류
222,냉이,채소
223,바질,채소
224,채소,채소
225,요리당,조미료 및 향신료
226,두반장,조미료 및 향신료
227,쌈장,조미료 및 향신료
228,와사비,조미료 및 향신료
229,땅콩버터,기타
230,고사리,채소
231,봄동,채소
232,화이트와인,조미료 및 향신료
233,옥수수,채소
234,가다랑어포,조미료 및 향신료
235,칠리소스,조미료 및 향신료
236,차돌박이,육류
237,떡,기타
238,무순,채소
239,우동면,기타
240,키위,과일
241,팥,콩류 및 견과류
242,적양파,채소
243,파인애플,과일
244,메이플시럽,조미료 및 향신료
245,진미채,해산물 및 해조류
246,칼국수면,기타
247,가래떡,기타
248,인삼,채소
249,황태채,해산물 및 해조류
250,골뱅이,해산물 및 해조류
251,땅콩,콩류 및 견과류
252,모닝빵,기타
253,샐러리,채소
254,도토리묵,기타
255,아스파라거스,채소
256,돼지등갈비,육류
257,배즙,조미료 및 향신료
258,라이스페이퍼,기타
259,바질가루,조미료 및 향신료
260,초코칩,기타
261,건포도,콩류 및 견과류
262,청양고춧가루,조미료 및 향신료
263,매실,과일
264,유부,기타
265,우스터소스,조미료 및 향신료
266,훈제오리,육류
267,유자청,조미료 및 향신료
268,참나물,채소
269,스테이크소스,조미료 및 향신료
270,사이다,기타
271,얼갈이배추,채소
272,휘핑크림,유제품
273,꽃게,해산물 및 해조류
274,콩기름,조미료 및 향신료
275,쭈꾸미,해산물 및 해조류
276,꼬막,해산물 및 해조류
277,시래기,채소
278,국수,기타
279,조미김,기타
280,돼지고기 목살,육류
281,샐러드채소,채소
282,탄산수,기타
283,낙지,해산물 및 해조류
284,원당,조미료 및 향신료
285,바게트,기타
286,마늘가루,조미료 및 향신료
287,코인육수,조미료 및 향신료
288,날치알,해산물 및 해조류
289,연두,조미료 및 향신료
290,만두피,기타
291,데리야끼소스,조미료 및 향신료
292,로즈마리,조미료 및 향신료
293,멸치가루,조미료 및 향신료
294,청국장,조미료 및 향신료
295,귤,과일
296,술,기타
297,순대,육류
298,치커리,채소
299,파뿌리,채소
300,핫케이크가루,기타
301,후랑크소세지,육류
302,핫소스,조미료 및 향신료
303,닭안심,육류
304,구운소금,조미료 및 향신료
305,북어채,해산물 및 해조류
306,소고기 국거리,육류
307,쑥,채소
308,도라지,채소
309,돼지갈비,육류
310,천연조미료,조미료 및 향신료
311,황태,해산물 및 해조류
312,갈치,해산물 및 해조류
313,닭봉,육류
314,목이버섯,채소
315,열무,채소
316,콩가루,기타
317,비트,채소
318,오렌지,과일
319,소고기 양지,육류
320,크랜베리,과일
321,해물믹스,해산물 및 해조류
322,아가베시럽,조미료 및 향신료
323,취나물,채소
324,스파게티소스,조미료 및 향신료
325,표고버섯가루,기타
326,돼지고기 안심,육류
327,미원,조미료 및 향신료
328,열무김치,절임 및 장아찌
329,현미유,조미료 및 향신료
330,돼지고기 등심,육류
331,에스프레소,기타
332,양파즙,기타
333,고추냉이,조미료 및 향신료
334,두릅,채소
335,오트밀,곡물
336,베트남고추,채소
337,완두콩,콩류 및 견과류
338,미향,조미료 및 향신료
339,바닐라오일,조미료 및 향신료
340,세발나물,채소
341,은행,채소
342,해바라기씨,콩류 및 견과류
343,코다리,해산물 및 해조류
344,냉면육수,기타
345,파프리카가루,조미료 및 향신료
346,피쉬소스,조미료 및 향신료
347,매생이,해산물 및 해조류
348,돈까스,육류
349,분유,기타
350,레드와인,조미료 및 향신료
351,두유,기타
352,면수,기타
353,쌈무,기타
354,녹차가루,기타
355,복숭아,과일
356,춘장,조미료 및 향신료
357,파래,해산물 및 해조류
358,쫄면,기타
359,젤라틴,기타
360,돼지등뼈,육류
361,해바라기유,조미료 및 향신료
362,호박씨,콩류 및 견과류
363,정종,조미료 및 향신료
364,목살,육류
365,연두부,콩류 및 견과류
366,새우가루,기타
367,수박,과일
368,무말랭이,절임 및 장아찌
369,더덕,채소
370,검은콩,콩류 및 견과류
371,소갈비,육류
372,고수,조미료 및 향신료
373,바질페스토,조미료 및 향신료
374,죽순,채소
375,스트링치즈,유제품
376,돌나물,채소
377,흑임자,콩류 및 견과류
378,문어,해산물 및 해조류
379,참외,과일
380,조미료,조미료 및 향신료
381,홍초,조미료 및 향신료
382,무청,채소
383,쌈채소,채소
384,동태,해산물 및 해조류
385,사과즙,조미료 및 향신료
386,곤약,기타
387,뉴슈가,조미료 및 향신료
388,짜장가루,조미료 및 향신료
389,김밥용 햄,육류
390,고구마줄기,채소
391,대하,해산물 및 해조류
392,돼지목살,육류
393,플레인요구르트,유제품
394,코코넛오일,조미료 및 향신료
395,피클링스파이스,조미료 및 향신료
396,수삼,채소
397,스리라차소스,조미료 및 향신료
398,치킨,육류
399,양념장,조미료 및 향신료
400,루꼴라,채소
401,로메인,채소
402,통삼겹살,육류
403,적채,채소
404,톳,해산물 및 해조류
405,럼주,조미료 및 향신료
406,짜장라면,기타
407,빵,기타
408,메밀면,기타
409,강황가루,조미료 및 향신료
410,노각,채소
411,타임,조미료 및 향신료
412,실고추,채소
413,소고기 등심,육류
414,콜라,기타
415,잡채,기타
416,불고기,육류
417,병아리콩,콩류 및 견과류
418,오징어채,해산물 및 해조류
419,LA갈비,육류
420,쌀국수,기타
421,할라피뇨,채소
422,오레가노,조미료 및 향신료
423,시럽,조미료 및 향신료
424,무화과,과일
425,꽁치통조림,기타
426,대파뿌리,채소
427,아욱,채소
428,계피,채소
429,맥주,기타
430,우삼겹,육류
431,캐슈넛,콩류 및 견과류
432,피칸,콩류 및 견과류
433,박력쌀가루,곡물
434,리코타치즈,유제품
435,치즈가루,유제품
436,레몬주스,기타
437,황기,채소
438,김자반,기타
439,케이퍼,조미료 및 향신료
440,라임,과일
441,요구르트,기타
442,시리얼,기타
443,아보카도오일,조미료 및 향신료
444,누룽지,기타
445,우거지,채소
446,들깨,콩류 및 견과류
447,허브가루,기타
448,베이글,기타
449,케일,채소
450,마카로니,기타
451,곶감,과일
452,만가닥버섯,채소
453,삼치,해산물 및 해조류
454,가자미,해산물 및 해조류
455,가리비,해산물 및 해조류
456,레몬청,조미료 및 향신료
457,생와사비,조미료 및 향신료
458,단감,과일
459,노두유,조미료 및 향신료
460,물만두,기타
461,깻잎순,채소
462,해물육수,기타
463,사워크림,유제품
464,포도,과일
465,바닐라빈,조미료 및 향신료
466,콜라비,채소
467,우렁이,해산물 및 해조류
468,건크랜베리,기타
469,주키니호박,채소
470,깍두기,채소
471,구운김,기타
472,아이스크림,기타
473,코코넛밀크,기타
474,후리가케,조미료 및 향신료
475,스테비아,조미료 및 향신료
476,모시조개,해산물 및 해조류
477,애플민트,조미료 및 향신료
478,장어,해산물 및 해조류
479,화이트초콜릿,기타
480,자두,과일
481,호박잎,채소
482,과일,과일
483,미숫가루,기타
484,우엉조림,기타
485,갑오징어,해산물 및 해조류
486,콩비지,콩류 및 견과류
487,피스타치오,콩류 및 견과류
488,바닐라아이스크림,기타
489,그린빈,콩류 및 견과류
490,팔각,조미료 및 향신료
491,떡갈비,육류
492,녹두,콩류 및 견과류
493,소고기 사태,육류
494,마,채소
495,피자소스,조미료 및 향신료
496,연두순,채소
497,바질잎,채소
498,체리,과일
499,서리태,콩류 및 견과류
500,오리고기,육류
501,미소된장,기타
502,황태포,해산물 및 해조류
503,메밀국수,기타
504,오레오,기타
505,토란대,채소
506,근대,채소
507,고기,육류
508,식용색소,기타
509,자몽,과일
510,백앙금,기타
511,맛타리버섯,채소
512,청포묵,기타
513,라임즙,조미료 및 향신료
514,송이버섯,채소
515,감초,조미료 및 향신료
516,방풍나물,채소
517,관자,해산물 및 해조류
518,스프링클,기타
519,땅콩분태,콩류 및 견과류
520,현미,곡물
521,엿기름,조미료 및 향신료
522,불닭소스,조미료 및 향신료
523,조갯살,해산물 및 해조류
524,베이크드빈스,기타
525,소고기 안심,육류
526,육수팩,조미료 및 향신료
527,김밥용 단무지,기타
528,미더덕,해산물 및 해조류
529,정향,조미료 및 향신료
530,민트,조미료 및 향신료
531,호떡믹스,기타
532,풋마늘,채소
533,그라나파다노치즈,유제품
534,혼다시,조미료 및 향신료
535,크래커,기타
536,마스카포네치즈,유제품
537,양파청,조미료 및 향신료
538,체더치즈,기타
539,쌀엿,조미료 및 향신료
540,망고,과일
541,비름나물,채소
542,딜,채소
543,볶은소금,조미료 및 향신료
544,메밀가루,기타
545,고구마순,채소
546,두부면,기타
547,바베큐소스,조미료 및 향신료
548,동태포,해산물 및 해조류
549,와인,조미료 및 향신료
550,양파가루,조미료 및 향신료
551,동그랑땡,기타
552,소고기 샤브샤브용,기타
553,초코시럽,기타
554,소고기 부채살,육류
555,방아잎,채소
556,조기,해산물 및 해조류
557,실곤약,기타
558,옥수수가루,기타
559,매실즙,조미료 및 향신료
560,단호박가루,기타
561,코코넛가루,기타
562,황태머리,해산물 및 해조류
563,갓김치,절임 및 장아찌
564,쥐포,해산물 및 해조류
565,카스테라,기타
566,푸실리,기타
567,허브,채소
568,잼,기타
569,콩,콩류 및 견과류
570,초코펜,기타
571,반건조오징어,해산물 및 해조류
572,밀가루풀,곡물
573,마가린,유제품
574,오리엔탈드레싱,조미료 및 향신료
575,치아바타,기타
576,레몬제스트,조미료 및 향신료
577,막걸리,기타
578,고춧잎,채소
579,청포도,과일
580,조개,해산물 및 해조류
581,불닭볶음면,기타
582,다짐육,육류
583,갓,채소
584,물미역,해산물 및 해조류
585,럼,기타
586,꽃빵,기타
587,쑥가루,기타
588,물전분,기타
589,오징어실채,해산물 및 해조류
590,파김치,절임 및 장아찌
591,로메인상추,채소
592,천도복숭아,과일
593,등심,육류
594,멍게,해산물 및 해조류
595,대구,해산물 및 해조류
596,누텔라,기타
597,조랭이떡,기타
598,유채나물,채소
599,홍시,과일
600,핫도그빵,기타
601,크림소스,조미료 및 향신료
602,잣가루,기타
603,머위,채소
604,쥐똥고추,채소
605,총각김치,절임 및 장아찌
606,말차가루,기타
607,인절미,기타
608,바닐라향,기타
609,땅콩가루,콩류 및 견과류
610,족발,육류
611,마시멜로우,기타
612,햄버거빵,기타
613,홀토마토,기타
614,샬롯,채소
615,멸치다시다,조미료 및 향신료
616,면,기타
617,블루베리잼,기타
618,납작당면,기타
619,넛맥,기타
620,강낭콩,콩류 및 견과류
621,통아몬드,콩류 및 견과류
622,한천가루,기타
623,냉동딸기,과일
624,머위대,채소
625,굴비,해산물 및 해조류
626,중면,기타
627,강력쌀가루,곡물
628,산딸기,과일
629,마른김,기타
630,오렌지주스,기타
631,김밥,기타
632,도토리가루,기타
633,소스,조미료 및 향신료
634,다진고기,육류
635,지리멸치,해산물 및 해조류
636,당근라페,기타
637,닭발,육류
638,항정살,육류
639,치킨너겟,육류
640,백김치,절임 및 장아찌
641,호밀빵,기타
642,그래놀라,기타
643,섬초,채소
644,비지,콩류 및 견과류
645,생땅콩,콩류 및 견과류
646,분당,조미료 및 향신료
647,렌틸콩,콩류 및 견과류
648,사과잼,기타
649,볶음김치,절임 및 장아찌
650,감태,해산물 및 해조류
651,브리치즈,유제품
652,다싯물,조미료 및 향신료
653,콜리플라워,채소
654,돼지 앞다리살,육류
655,동치미 무,절임 및 장아찌
656,돼지고기 뒷다리살,육류
657,소라,해산물 및 해조류
658,명이나물,채소
659,비빔면,기타
660,토란,채소
661,고기느타리버섯,채소
662,당귀,채소
663,참소스,조미료 및 향신료
664,방울양배추,채소
665,닭똥집,육류
666,귀리,곡물
667,수수,곡물
668,오미자청,조미료 및 향신료
669,마라소스,조미료 및 향신료
670,치아씨드,콩류 및 견과류
671,중화면,기타
672,고춧씨,채소
673,총각무,채소
674,날콩가루,기타
675,파래김,기타
676,마카다미아,콩류 및 견과류
677,돼지고기 불고기용,육류
678,쫄면사리,기타
679,미트볼,육류
680,쌍화탕,기타
681,크레미,해산물 및 해조류
682,통식빵,기타
683,떡볶이,기타
684,쌀국수면,기타
685,콩국물,기타
686,아귀,해산물 및 해조류
687,생면,기타
688,나물,채소
689,우럭,해산물 및 해조류
690,무생채,채소
691,오만둥이,해산물 및 해조류
692,낫또,기타
693,통밀식빵,기타
694,꽁치,해산물 및 해조류
695,천연가루,기타
696,치킨텐더,육류
697,슈레드치즈,유제품
698,냉면,기타
699,갈비,육류
700,건과일,과일
701,호박고지,채소
702,아마씨,콩류 및 견과류
703,깔루아,기타
704,국수면,기타
705,석류,과일
706,펜네,기타
707,병어,해산물 및 해조류
708,엄나무,채소
709,곰취,채소
710,꼬시래기,해산물 및 해조류
711,갈치속젓,절임 및 장아찌
712,타르타르소스,조미료 및 향신료
713,고다치즈,유제품
714,고추장아찌,절임 및 장아찌
715,배음료,기타
716,트러플오일,조미료 및 향신료
717,전어,해산물 및 해조류
718,백만송이버섯,채소
719,햄프씨드,콩류 및 견과류
720,산초가루,조미료 및 향신료
721,명엽채,채소
722,엄나무순,채소
723,춘권피,기타
724,곤드레나물,채소
725,단촛물,기타
726,장조림,기타
727,광어,기타
728,완두배기,기타
729,백태,콩류 및 견과류
730,호밀가루,기타
731,멸치볶음,기타
732,고르곤졸라치즈,유제품
733,공심채,채소
734,과메기,해산물 및 해조류
735,참타리버섯,채소
736,밴댕이,해산물 및 해조류
737,메주콩,콩류 및 견과류
738,수제비,기타
739,홍갓,채소
740,사과청,조미료 및 향신료
741,백합,채소
742,청귤,과일
743,마늘즙,기타
744,마시멜로,기타
745,한라봉,과일
746,함초소금,조미료 및 향신료
747,생선,해산물 및 해조류
748,후르츠칵테일,기타
749,도루묵,해산물 및 해조류
750,통들깨,콩류 및 견과류
751,머쉬마루 버섯,채소
752,미니양배추,채소
